{
	"partitions" : [
		{
			"name" : "Top",
			"pins" : [
				{
					"name" : "S0[0]",
					"strict" : false
				},
				{
					"name" : "S0[1]",
					"strict" : false
				},
				{
					"name" : "S0[2]",
					"strict" : false
				},
				{
					"name" : "S0[3]",
					"strict" : false
				},
				{
					"name" : "S0[4]",
					"strict" : false
				},
				{
					"name" : "S0[5]",
					"strict" : false
				},
				{
					"name" : "S0[6]",
					"strict" : false
				},
				{
					"name" : "S1[0]",
					"strict" : false
				},
				{
					"name" : "S1[3]",
					"strict" : false
				},
				{
					"name" : "S1[4]",
					"strict" : false
				},
				{
					"name" : "S1[5]",
					"strict" : false
				},
				{
					"name" : "Binario[0]",
					"strict" : false
				},
				{
					"name" : "Binario[1]",
					"strict" : false
				},
				{
					"name" : "Binario[2]",
					"strict" : false
				},
				{
					"name" : "Binario[3]",
					"strict" : false
				},
				{
					"name" : "FlagCout",
					"strict" : false
				},
				{
					"name" : "FlagERR",
					"strict" : false
				},
				{
					"name" : "FlagOV",
					"strict" : false
				},
				{
					"name" : "FlagZ",
					"strict" : false
				},
				{
					"name" : "Op[2]",
					"strict" : false
				},
				{
					"name" : "B[1]",
					"strict" : false
				},
				{
					"name" : "A[1]",
					"strict" : false
				},
				{
					"name" : "B[0]",
					"strict" : false
				},
				{
					"name" : "A[0]",
					"strict" : false
				},
				{
					"name" : "Op[1]",
					"strict" : false
				},
				{
					"name" : "Op[0]",
					"strict" : false
				},
				{
					"name" : "B[3]",
					"strict" : false
				},
				{
					"name" : "B[2]",
					"strict" : false
				},
				{
					"name" : "A[3]",
					"strict" : false
				},
				{
					"name" : "A[2]",
					"strict" : false
				}
			]
		}
	]
}